{
  "pool": {
    "tokenA": "100010",
    "tokenB": 990.1284196560293,
    "K": 1000000
  },
  "userBalance": {
    "tokenA": 490,
    "tokenB": 509.8715803439706
  }
}